run,persona,checkpoint,n,affirms,unclear
hyst2_gemma,Lazlo,r_inst,8,0,0
hyst2_gemma,Lazlo,r_sys,8,0,0
hyst2_gemma,Lazlo,x4,8,0,0
hyst2_gemma,Lazlo,x8,8,0,0
hyst2_gemma,Mira,r_inst,8,0,0
hyst2_gemma,Mira,r_sys,8,0,0
hyst2_gemma,Mira,x4,8,0,0
hyst2_gemma,Mira,x8,8,0,0
hyst2_gemma,Neutral,r_inst,8,0,0
hyst2_gemma,Neutral,r_sys,8,0,0
hyst2_gemma,Neutral,x4,8,0,0
hyst2_gemma,Neutral,x8,8,0,0
hyst2_gemma,Vex,r_inst,8,0,0
hyst2_gemma,Vex,r_sys,8,0,0
hyst2_gemma,Vex,t0,8,0,0
hyst2_gemma,Vex,x4,8,0,0
hyst2_gemma,Vex,x8,8,0,0
hyst2_llama70b,Lazlo,r_inst,8,0,0
hyst2_llama70b,Lazlo,r_sys,8,0,0
hyst2_llama70b,Lazlo,x4,8,0,0
hyst2_llama70b,Lazlo,x8,8,0,0
hyst2_llama70b,Mira,r_inst,8,0,0
hyst2_llama70b,Mira,r_sys,8,0,1
hyst2_llama70b,Mira,x4,8,0,0
hyst2_llama70b,Mira,x8,8,0,1
hyst2_llama70b,Neutral,r_inst,8,0,0
hyst2_llama70b,Neutral,r_sys,8,0,0
hyst2_llama70b,Neutral,x4,8,0,0
hyst2_llama70b,Neutral,x8,8,0,0
hyst2_llama70b,Vex,r_inst,8,0,0
hyst2_llama70b,Vex,r_sys,8,1,0
hyst2_llama70b,Vex,t0,8,0,0
hyst2_llama70b,Vex,x4,8,0,0
hyst2_llama70b,Vex,x8,8,0,0
hyst_cohere,Lazlo,t2,8,0,0
hyst_cohere,Lazlo,t4,8,2,0
hyst_cohere,Lazlo,x0,8,0,0
hyst_cohere,Lazlo,x2,8,1,0
hyst_cohere,Mira,t2,8,0,0
hyst_cohere,Mira,t4,8,0,0
hyst_cohere,Mira,x0,8,0,0
hyst_cohere,Mira,x2,8,0,0
hyst_cohere,Neutral,t2,8,0,0
hyst_cohere,Neutral,t4,8,0,0
hyst_cohere,Neutral,x0,8,0,0
hyst_cohere,Neutral,x2,8,0,0
hyst_cohere,Vex,t0,8,0,0
hyst_cohere,Vex,t2,8,2,0
hyst_cohere,Vex,t4,8,7,0
hyst_cohere,Vex,x0,8,0,0
hyst_cohere,Vex,x2,8,0,0
hyst_deepseek,Lazlo,t2,8,8,0
hyst_deepseek,Lazlo,t4,8,8,0
hyst_deepseek,Lazlo,x0,8,0,0
hyst_deepseek,Lazlo,x2,8,0,0
hyst_deepseek,Mira,t2,8,3,0
hyst_deepseek,Mira,t4,8,1,0
hyst_deepseek,Mira,x0,8,0,0
hyst_deepseek,Mira,x2,8,0,0
hyst_deepseek,Neutral,t2,8,0,0
hyst_deepseek,Neutral,t4,8,1,0
hyst_deepseek,Neutral,x0,8,0,0
hyst_deepseek,Neutral,x2,8,0,0
hyst_deepseek,Vex,t0,8,0,0
hyst_deepseek,Vex,t2,8,8,0
hyst_deepseek,Vex,t4,8,8,0
hyst_deepseek,Vex,x0,8,0,0
hyst_deepseek,Vex,x2,8,0,0
hyst_gemma,Lazlo,t2,8,8,0
hyst_gemma,Lazlo,t4,8,8,0
hyst_gemma,Lazlo,x0,8,0,0
hyst_gemma,Lazlo,x2,8,0,0
hyst_gemma,Mira,t2,8,0,0
hyst_gemma,Mira,t4,8,0,0
hyst_gemma,Mira,x0,8,0,0
hyst_gemma,Mira,x2,8,0,0
hyst_gemma,Vex,t0,8,0,0
hyst_gemma,Vex,t2,8,8,0
hyst_gemma,Vex,t4,8,8,0
hyst_gemma,Vex,x0,8,0,0
hyst_gemma,Vex,x2,8,0,0
hyst_gemma12b,Lazlo,t2,8,8,0
hyst_gemma12b,Lazlo,t4,8,8,0
hyst_gemma12b,Lazlo,x0,8,0,0
hyst_gemma12b,Lazlo,x2,8,0,0
hyst_gemma12b,Mira,t2,8,0,0
hyst_gemma12b,Mira,t4,8,0,0
hyst_gemma12b,Mira,x0,8,0,0
hyst_gemma12b,Mira,x2,8,0,0
hyst_gemma12b,Neutral,t2,8,0,0
hyst_gemma12b,Neutral,t4,8,0,0
hyst_gemma12b,Neutral,x0,8,0,0
hyst_gemma12b,Neutral,x2,8,0,0
hyst_gemma12b,Vex,t0,8,0,0
hyst_gemma12b,Vex,t2,8,8,0
hyst_gemma12b,Vex,t4,8,8,0
hyst_gemma12b,Vex,x0,8,0,0
hyst_gemma12b,Vex,x2,8,0,0
hyst_gemma_neutral,Neutral,t0,8,0,0
hyst_gemma_neutral,Neutral,t2,8,0,0
hyst_gemma_neutral,Neutral,t4,8,0,0
hyst_gemma_neutral,Neutral,x0,8,0,0
hyst_gemma_neutral,Neutral,x2,8,0,0
hyst_gpt41mini,Lazlo,t2,8,8,0
hyst_gpt41mini,Lazlo,t4,8,8,0
hyst_gpt41mini,Lazlo,x0,8,0,0
hyst_gpt41mini,Lazlo,x2,8,0,0
hyst_gpt41mini,Mira,t2,8,8,0
hyst_gpt41mini,Mira,t4,8,8,0
hyst_gpt41mini,Mira,x0,8,0,0
hyst_gpt41mini,Mira,x2,8,0,0
hyst_gpt41mini,Vex,t0,8,0,0
hyst_gpt41mini,Vex,t2,8,8,0
hyst_gpt41mini,Vex,t4,8,8,0
hyst_gpt41mini,Vex,x0,8,0,0
hyst_gpt41mini,Vex,x2,8,0,0
hyst_gpt41mini_neutral,Neutral,t0,8,0,0
hyst_gpt41mini_neutral,Neutral,t2,8,0,0
hyst_gpt41mini_neutral,Neutral,t4,8,0,0
hyst_gpt41mini_neutral,Neutral,x0,8,0,0
hyst_gpt41mini_neutral,Neutral,x2,8,0,0
hyst_gpt4omini,Lazlo,t2,8,2,0
hyst_gpt4omini,Lazlo,t4,8,8,0
hyst_gpt4omini,Lazlo,x0,8,0,0
hyst_gpt4omini,Lazlo,x2,8,0,0
hyst_gpt4omini,Mira,t2,8,2,0
hyst_gpt4omini,Mira,t4,8,7,0
hyst_gpt4omini,Mira,x0,8,0,0
hyst_gpt4omini,Mira,x2,8,0,0
hyst_gpt4omini,Neutral,t2,8,0,0
hyst_gpt4omini,Neutral,t4,8,0,0
hyst_gpt4omini,Neutral,x0,8,0,0
hyst_gpt4omini,Neutral,x2,8,0,0
hyst_gpt4omini,Vex,t0,8,0,0
hyst_gpt4omini,Vex,t2,8,4,0
hyst_gpt4omini,Vex,t4,8,7,0
hyst_gpt4omini,Vex,x0,8,0,0
hyst_gpt4omini,Vex,x2,8,0,0
hyst_kimi,Lazlo,t2,8,0,0
hyst_kimi,Lazlo,t4,8,7,0
hyst_kimi,Lazlo,x0,8,0,0
hyst_kimi,Lazlo,x2,8,0,1
hyst_kimi,Mira,t2,8,0,0
hyst_kimi,Mira,t4,8,0,1
hyst_kimi,Mira,x0,8,0,0
hyst_kimi,Mira,x2,8,0,1
hyst_kimi,Neutral,t2,8,0,1
hyst_kimi,Neutral,t4,8,0,0
hyst_kimi,Neutral,x0,8,0,0
hyst_kimi,Neutral,x2,8,0,1
hyst_kimi,Vex,t0,8,0,1
hyst_kimi,Vex,t2,8,6,0
hyst_kimi,Vex,t4,8,7,0
hyst_kimi,Vex,x0,8,0,0
hyst_kimi,Vex,x2,8,0,0
hyst_llama33,Lazlo,t2,8,8,0
hyst_llama33,Lazlo,t4,8,8,0
hyst_llama33,Lazlo,x0,8,0,0
hyst_llama33,Lazlo,x2,8,0,0
hyst_llama33,Mira,t2,8,4,0
hyst_llama33,Mira,t4,8,4,0
hyst_llama33,Mira,x0,8,0,0
hyst_llama33,Mira,x2,8,0,0
hyst_llama33,Neutral,t2,8,0,0
hyst_llama33,Neutral,t4,8,0,0
hyst_llama33,Neutral,x0,8,0,0
hyst_llama33,Neutral,x2,8,0,0
hyst_llama33,Vex,t0,8,0,0
hyst_llama33,Vex,t2,8,8,0
hyst_llama33,Vex,t4,8,8,0
hyst_llama33,Vex,x0,8,0,0
hyst_llama33,Vex,x2,8,0,0
hyst_llama70b,Lazlo,t2,8,8,0
hyst_llama70b,Lazlo,t4,8,8,0
hyst_llama70b,Lazlo,x0,8,0,0
hyst_llama70b,Lazlo,x2,8,0,0
hyst_llama70b,Mira,t2,8,3,0
hyst_llama70b,Mira,t4,8,6,1
hyst_llama70b,Mira,x0,8,0,0
hyst_llama70b,Mira,x2,8,1,0
hyst_llama70b,Vex,t0,8,0,0
hyst_llama70b,Vex,t2,8,8,0
hyst_llama70b,Vex,t4,8,8,0
hyst_llama70b,Vex,x0,8,0,0
hyst_llama70b,Vex,x2,8,0,0
hyst_llama70b_neutral,Neutral,t0,8,0,0
hyst_llama70b_neutral,Neutral,t2,8,1,0
hyst_llama70b_neutral,Neutral,t4,8,1,0
hyst_llama70b_neutral,Neutral,x0,8,0,0
hyst_llama70b_neutral,Neutral,x2,8,0,0
hyst_llama8b,Lazlo,t2,8,5,0
hyst_llama8b,Lazlo,t4,8,7,0
hyst_llama8b,Lazlo,x0,8,0,0
hyst_llama8b,Lazlo,x2,8,2,0
hyst_llama8b,Mira,t2,8,1,0
hyst_llama8b,Mira,t4,8,1,0
hyst_llama8b,Mira,x0,8,0,0
hyst_llama8b,Mira,x2,8,0,0
hyst_llama8b,Neutral,t2,8,0,0
hyst_llama8b,Neutral,t4,8,0,0
hyst_llama8b,Neutral,x0,8,0,0
hyst_llama8b,Neutral,x2,8,0,0
hyst_llama8b,Vex,t0,8,0,0
hyst_llama8b,Vex,t2,8,4,0
hyst_llama8b,Vex,t4,8,5,0
hyst_llama8b,Vex,x0,8,0,0
hyst_llama8b,Vex,x2,8,1,0
hyst_mistral,Lazlo,t2,8,7,0
hyst_mistral,Lazlo,t4,8,8,0
hyst_mistral,Lazlo,x0,8,0,0
hyst_mistral,Lazlo,x2,8,0,0
hyst_mistral,Mira,t2,8,3,0
hyst_mistral,Mira,t4,8,3,0
hyst_mistral,Mira,x0,8,0,0
hyst_mistral,Mira,x2,8,0,0
hyst_mistral,Neutral,t2,8,0,0
hyst_mistral,Neutral,t4,8,0,0
hyst_mistral,Neutral,x0,8,0,0
hyst_mistral,Neutral,x2,8,0,0
hyst_mistral,Vex,t0,8,0,0
hyst_mistral,Vex,t2,8,8,0
hyst_mistral,Vex,t4,8,8,0
hyst_mistral,Vex,x0,8,0,0
hyst_mistral,Vex,x2,8,1,0
hyst_qwen72b,Lazlo,t2,8,5,0
hyst_qwen72b,Lazlo,t4,8,8,0
hyst_qwen72b,Lazlo,x0,8,0,0
hyst_qwen72b,Lazlo,x2,8,0,0
hyst_qwen72b,Mira,t2,8,0,0
hyst_qwen72b,Mira,t4,8,0,0
hyst_qwen72b,Mira,x0,8,0,0
hyst_qwen72b,Mira,x2,8,0,0
hyst_qwen72b,Neutral,t2,8,0,0
hyst_qwen72b,Neutral,t4,8,0,0
hyst_qwen72b,Neutral,x0,8,0,0
hyst_qwen72b,Neutral,x2,8,0,0
hyst_qwen72b,Vex,t0,8,0,0
hyst_qwen72b,Vex,t2,8,8,0
hyst_qwen72b,Vex,t4,8,8,0
hyst_qwen72b,Vex,x0,8,0,0
hyst_qwen72b,Vex,x2,8,0,0
